{"infoNCE_loss": 2.6275970935821533, "loss": 11.970710754394531, "_timestamp": 1727197278.99122, "_runtime": 57.96256899833679, "_step": 27, "_wandb": {"runtime": 57}}